{
  "id": "3761635",
  "name": "bbs",
  "font_family": "iconfont",
  "css_prefix_text": "icon-",
  "description": "",
  "glyphs": [
    {
      "icon_id": "11520920",
      "name": "积分",
      "font_class": "integral",
      "unicode": "e768",
      "unicode_decimal": 59240
    },
    {
      "icon_id": "257405",
      "name": "close_fill",
      "font_class": "remove",
      "unicode": "e6a7",
      "unicode_decimal": 59047
    },
    {
      "icon_id": "1160510",
      "name": "image",
      "font_class": "image",
      "unicode": "e70e",
      "unicode_decimal": 59150
    },
    {
      "icon_id": "29947",
      "name": "search",
      "font_class": "search",
      "unicode": "e65c",
      "unicode_decimal": 58972
    },
    {
      "icon_id": "18252392",
      "name": "top",
      "font_class": "top",
      "unicode": "e619",
      "unicode_decimal": 58905
    },
    {
      "icon_id": "32326",
      "name": "more_android",
      "font_class": "more",
      "unicode": "e6a5",
      "unicode_decimal": 59045
    },
    {
      "icon_id": "4766966",
      "name": "man",
      "font_class": "man",
      "unicode": "e7e3",
      "unicode_decimal": 59363
    },
    {
      "icon_id": "6598354",
      "name": "woman",
      "font_class": "woman",
      "unicode": "e8f1",
      "unicode_decimal": 59633
    },
    {
      "icon_id": "15838472",
      "name": "email",
      "font_class": "email",
      "unicode": "e66f",
      "unicode_decimal": 58991
    },
    {
      "icon_id": "13253757",
      "name": "edit",
      "font_class": "edit",
      "unicode": "e602",
      "unicode_decimal": 58882
    },
    {
      "icon_id": "6851465",
      "name": "注册",
      "font_class": "register",
      "unicode": "e6d6",
      "unicode_decimal": 59094
    },
    {
      "icon_id": "22894754",
      "name": "like",
      "font_class": "like",
      "unicode": "e67a",
      "unicode_decimal": 59002
    },
    {
      "icon_id": "36529",
      "name": "登录",
      "font_class": "login",
      "unicode": "e600",
      "unicode_decimal": 58880
    },
    {
      "icon_id": "1270661",
      "name": "发帖_icon",
      "font_class": "post",
      "unicode": "e668",
      "unicode_decimal": 58984
    },
    {
      "icon_id": "17512223",
      "name": "folder-zip-fill",
      "font_class": "zip",
      "unicode": "e864",
      "unicode_decimal": 59492
    },
    {
      "icon_id": "540418",
      "name": "ic_totop",
      "font_class": "totop",
      "unicode": "e652",
      "unicode_decimal": 58962
    },
    {
      "icon_id": "27402310",
      "name": "附件",
      "font_class": "attachment",
      "unicode": "ee16",
      "unicode_decimal": 60950
    },
    {
      "icon_id": "32462",
      "name": "delete_fill",
      "font_class": "del",
      "unicode": "e6a6",
      "unicode_decimal": 59046
    },
    {
      "icon_id": "1512527",
      "name": "comment_fill_light",
      "font_class": "comment",
      "unicode": "e7e2",
      "unicode_decimal": 59362
    },
    {
      "icon_id": "13253756",
      "name": "eye",
      "font_class": "eye-solid",
      "unicode": "e601",
      "unicode_decimal": 58881
    },
    {
      "icon_id": "14629166",
      "name": "empty-status",
      "font_class": "empty",
      "unicode": "e60e",
      "unicode_decimal": 58894
    },
    {
      "icon_id": "6652251",
      "name": "exchange",
      "font_class": "change",
      "unicode": "e6c1",
      "unicode_decimal": 59073
    },
    {
      "icon_id": "7454239",
      "name": "message",
      "font_class": "message",
      "unicode": "e6f0",
      "unicode_decimal": 59120
    },
    {
      "icon_id": "1117092",
      "name": "eye",
      "font_class": "eye",
      "unicode": "e636",
      "unicode_decimal": 58934
    },
    {
      "icon_id": "16618555",
      "name": "no_eye",
      "font_class": "close-eye",
      "unicode": "e6ad",
      "unicode_decimal": 59053
    },
    {
      "icon_id": "252290",
      "name": "add",
      "font_class": "add",
      "unicode": "e767",
      "unicode_decimal": 59239
    },
    {
      "icon_id": "6184954",
      "name": "收起",
      "font_class": "expand",
      "unicode": "e605",
      "unicode_decimal": 58885
    },
    {
      "icon_id": "32963989",
      "name": "收起-copy",
      "font_class": "collapse",
      "unicode": "ea85",
      "unicode_decimal": 60037
    },
    {
      "icon_id": "704622",
      "name": "settings",
      "font_class": "settings",
      "unicode": "ea84",
      "unicode_decimal": 60036
    },
    {
      "icon_id": "1177011",
      "name": "user",
      "font_class": "user",
      "unicode": "e752",
      "unicode_decimal": 59218
    },
    {
      "icon_id": "9059917",
      "name": "文章分类",
      "font_class": "article",
      "unicode": "e631",
      "unicode_decimal": 58929
    },
    {
      "icon_id": "553324",
      "name": "验证 验证码",
      "font_class": "checkcode",
      "unicode": "e624",
      "unicode_decimal": 58916
    },
    {
      "icon_id": "33335107",
      "name": "open-copy",
      "font_class": "right",
      "unicode": "ee17",
      "unicode_decimal": 60951
    },
    {
      "icon_id": "693214",
      "name": "返回",
      "font_class": "back",
      "unicode": "e612",
      "unicode_decimal": 58898
    },
    {
      "icon_id": "1388124",
      "name": "open",
      "font_class": "close",
      "unicode": "e618",
      "unicode_decimal": 58904
    },
    {
      "icon_id": "2127118",
      "name": "账户",
      "font_class": "account",
      "unicode": "e60a",
      "unicode_decimal": 58890
    },
    {
      "icon_id": "12779504",
      "name": "password",
      "font_class": "password",
      "unicode": "e65d",
      "unicode_decimal": 58973
    },
    {
      "icon_id": "32314163",
      "name": "open-copy",
      "font_class": "open",
      "unicode": "ea3f",
      "unicode_decimal": 59967
    },
    {
      "icon_id": "15838606",
      "name": "user-filling",
      "font_class": "user-filling",
      "unicode": "e68b",
      "unicode_decimal": 59019
    },
    {
      "icon_id": "4936669",
      "name": "like-fill",
      "font_class": "good",
      "unicode": "e869",
      "unicode_decimal": 59497
    },
    {
      "icon_id": "4936672",
      "name": "unlike-fill",
      "font_class": "bad",
      "unicode": "e86a",
      "unicode_decimal": 59498
    }
  ]
}
